Team,KADJ O,KADJ D,KADJ T,Adj OE,Adj DE,Barthag,Record,Wins,Games,eFG,eFG D.,FT Rate,FT Rate D,TOV%,TOV% D,O Reb%,Op OReb%,Raw T,2P %,2P % D.,3P %,3P % D.,Blk %,Blked %,Ast %,Op Ast %,3P Rate,3P Rate D,Adj. T,Avg Hgt.,Eff. Hgt.,Exp.,Year,PAKE,PASE,Talent,FT%,Op. FT%,PPP Off.,PPP Def.,Elite SOS
Duke,128,89.1,65.3,128.149,90.825,0.981,32–2,32,34,56.8,46.2,37.8,23.7,15.7,18.1,38.1,24.8,67.1,60.1,46.6,35.1,30.4,10.4,9.3,59.2,51.4,44.4,45.7,65.803,79.384,81.378,0.856,"2,026",0,0,91.161,72.4,71.7,1.226,0.941,38.433
Arizona,127.7,90,69.8,126.933,91.399,0.978,32–2,32,34,55.1,45,42.9,27.7,15.1,16.7,38.1,26.9,71.4,55.4,43.8,36,31.4,10.8,8.3,55.4,48.9,26.8,37.2,70.027,79.009,81.866,1.406,"2,026",0,0,73.506,73.4,71.5,1.203,0.961,38.751
Michigan,126.6,89,70.9,127.634,91.047,0.98,31–3,31,34,58.1,44.7,37.7,26.3,16.7,15.5,35.4,27.7,71.3,61,44.3,36,30.2,15.9,9.4,60.7,46.7,41.8,41.8,71.216,78.647,82.701,1.947,"2,026",0,0,69.852,74.7,75.1,1.213,0.967,41.856
Florida,125.5,91.7,70.5,126.11,92.272,0.973,26–7,26,33,53.5,46.3,39.1,34,16.5,15.4,43.2,24.8,72.5,57.9,45.2,30.8,32.4,12.4,7.2,54,44.5,37.1,33.7,70.398,78.89,83.084,1.928,"2,026",0,0,41.689,71,72.7,1.198,0.994,39.255
Houston,124.9,91.4,63.3,125.376,92.398,0.971,28–6,28,34,52.1,46.6,26.9,39,13,21,35.9,30.9,64.9,51.9,45.5,34.9,32.1,12.5,6.4,52.9,53.5,40.8,40.9,63.325,77.851,80.772,1.553,"2,026",0,0,81.968,77.2,69.8,1.184,0.965,36.826
Connecticut,122,94.1,64.4,123.091,94.966,0.952,29–5,29,34,55.3,45.7,30,40.2,16.8,18,35.7,28.7,66,57.1,45.8,35.2,30.3,15.2,9.7,65,48.5,40.3,36.2,64.583,78.303,81.367,1.997,"2,026",0,0,84.266,71.6,71.9,1.165,0.979,33.294
Iowa St.,123.8,91.4,66.5,123.777,92.639,0.966,27–7,27,34,56.5,49.5,34,27.9,15.1,22.4,35.3,28.1,68.2,55.5,50.5,38.7,32.1,8.6,9.6,58.4,54.5,38.8,42.8,66.962,78.06,81.398,1.944,"2,026",0,0,50.469,67.2,71.5,1.2,0.956,35.368
Purdue,131.6,100.4,64.4,133.288,100.251,0.964,27–8,27,35,57.6,52.3,28.6,26,13.5,15.6,36.3,26.4,65.3,58.1,53.1,37.9,34.2,8.9,6.6,66.8,57.5,40.9,45,64.436,77.603,82.136,2.015,"2,026",0,0,59.3,74.3,72,1.247,1.071,41.305
Michigan St.,123,94.7,66,122.89,96.16,0.944,25–7,25,32,53.6,48.6,36.2,30.9,17.1,14.8,38.5,22.6,66.8,53.4,48,35.9,32.9,13.3,8.1,67,56.4,36.4,46,65.981,78.478,81.667,1.815,"2,026",0,0,68.794,76.3,75.1,1.173,1.017,37.86
Illinois,131.2,99.1,65.5,131.949,98.207,0.968,24–8,24,32,55.1,47.6,32.9,20.6,13.2,11.6,38.7,27,66.2,58.2,48,34.7,31.4,12.6,8.5,51.2,51.4,50.7,42.2,65.718,79.989,83.215,1.548,"2,026",0,0,63.056,78.9,73.4,1.255,1.038,38.28
Gonzaga,122,93.9,68.6,120.281,94.018,0.944,30–3,30,33,56.3,46.2,31.1,31,13.7,20.5,34.8,25.9,70.4,58.7,46.2,34,30.8,11.4,6,56.7,52.9,31,43.7,68.932,77.91,80.557,2.11,"2,026",0,0,36.781,69.9,71.3,1.205,0.934,24.986
Virginia,122.5,95.8,65.7,122.248,95.829,0.943,29–5,29,34,54.6,45.3,33,33,16,15.6,37.9,29.2,66.5,55.2,44.7,35.9,30.9,17.5,9.6,59.1,50.3,46.5,37.5,65.578,78.069,82.109,1.724,"2,026",0,0,53.814,72.6,75.8,1.191,1.01,30.582
Nebraska,124.1,104.5,69.1,117.254,93.483,0.931,26–6,26,32,55.4,47.8,27.2,24.8,14.4,19.2,26.3,27.7,67.3,58.1,50.6,35.3,29.9,8.7,9.3,65.6,60.5,50.7,49.3,66.821,77.645,80.688,2.26,"2,026",0,0,42.458,75,72.6,1.14,0.977,35.291
Alabama,129,103.3,73.1,129.499,102.788,0.934,23–9,23,32,55.4,49.2,37.2,32.7,13,12.6,31.8,32.8,74.6,57.3,48.6,35.8,33.5,11.3,12.1,53.5,46.7,53.7,35.1,73.059,77.921,81.103,1.526,"2,026",0,0,73.555,76.5,69.7,1.22,1.111,40.729
Kansas,118.3,93.9,67.6,117.869,94.383,0.928,23–10,23,33,51.6,45.2,32.6,27.7,15.5,14,29.5,30.1,68.2,51.1,44.7,35,30.7,15.6,8.3,53.3,48,35.7,42,67.61,78.153,80.749,1.629,"2,026",0,0,57.848,76.7,69.4,1.1,1.009,41.65
Arkansas,127.7,101.6,71,127.944,101.671,0.934,26–8,26,34,56.5,51.4,36.4,31.3,12.3,15.7,32.2,31.2,72.4,55.6,53.7,38.9,31.7,12.9,6.7,53,49.8,33.4,38.2,70.974,78.516,81.43,1.457,"2,026",0,0,80.525,74.7,72,1.225,1.091,38.371
Vanderbilt,126.8,99.3,68.8,127.446,99.333,0.946,26–8,26,34,55.3,48.8,38.2,41,13.3,17.9,31.2,31.6,70.8,56.8,49.1,35.5,32.2,12.6,7.1,56.2,46.6,43.6,37.9,68.982,77.259,79.921,2.308,"2,026",0,0,35.964,79.3,75.2,1.211,1.054,37.121
St. John's,120.1,94.2,69.6,119.836,94.124,0.941,28–6,28,34,51,47.4,41.9,31.8,14.7,19.4,35.9,30.2,71,51.6,47.5,33.2,31.3,12.4,9.5,58.2,47.2,33.8,33.7,69.604,78.154,80.478,2.3,"2,026",0,0,70.084,72.7,71.7,1.145,0.982,31.162
Texas Tech,125,99.8,66.2,126.292,98.788,0.944,22–10,22,32,56.2,49.4,27.1,31.6,15.9,14.7,33.3,30.1,68,53.6,50.6,39.3,31.5,9.5,7.3,55.5,41.5,48,35,66.408,77.015,79.481,1.601,"2,026",0,0,41.675,71.5,69.4,1.179,1.065,40.14
Wisconsin,125.3,102,68.7,127.176,101.641,0.929,24–10,24,34,54.5,51.3,31.9,30.5,12.8,14.4,29.4,28.2,68.9,54.8,52.3,36.1,33.3,8.5,12.5,57.3,50.6,52.6,40.2,68.694,78.87,82.484,1.871,"2,026",0,0,38.623,78.6,72.9,1.188,1.087,38.176
Tennessee,121.1,95,65,121.507,95.536,0.941,22–11,22,33,51.6,47.7,38.7,36.2,17.1,16.3,45.1,27.9,67.3,52.2,49.2,33.4,30.6,11.3,9.4,59.8,45.4,31.7,44.4,65.225,78.434,82.266,1.473,"2,026",0,0,59.748,69.4,70.3,1.168,1.019,38.555
North Carolina,118.5,92.4,66.7,121.468,100.053,0.903,24–8,24,32,54.6,48.2,37.4,23.8,14,13.6,31.4,28.1,68.8,56.7,46.1,34.5,34.5,8.6,9,57,48.1,42.3,36.9,67.986,79.15,82.728,1.523,"2,026",0,0,63.835,68.4,70.1,1.16,1.037,33.421
Louisville,124.1,98.6,69.6,124.034,98.166,0.936,23–10,23,33,56.4,48.8,33.5,33.4,16.4,16.7,32.9,26.9,71,59.7,48.6,35.7,32.7,9.2,12.4,59.5,48.3,52.8,39.1,69.712,78.246,81.646,2.208,"2,026",0,0,39.12,76.9,71.2,1.194,1.017,35.248
BYU,125.5,102.2,69.9,124.746,104.326,0.887,23–11,23,34,54.7,51.2,34.2,28.9,15.3,16.5,34.6,29.3,70.4,56.2,50,34.9,35.3,11.9,7.9,45.4,54.3,39.8,39.2,69.779,78.108,80.916,1.463,"2,026",0,0,48.949,74.6,71.3,1.187,1.065,38.234
Kentucky,120.5,99,68.3,119.911,99.986,0.89,21–13,21,34,53.1,48.8,37.5,37,15,15.8,33.8,30.1,69.8,54.4,49.6,34.1,31.6,12.3,8.7,57,55.2,39.2,39.5,68.319,78.765,81.87,1.581,"2,026",0,0,85.092,72.8,73,1.157,1.058,40.797
Saint Mary's,120.3,97.2,65.2,119.389,97.586,0.91,26–5,26,31,52.9,46.7,35.8,25.7,16.4,15.2,37.6,23.8,66.4,50.2,46.6,38.6,31.2,9.7,8.9,58,52.7,36.1,36.8,65.302,78.715,82.369,1.349,"2,026",0,0,36.989,81.1,72.3,1.169,0.984,22.727
Miami FL,121.4,100.7,67.6,121.077,101.466,0.884,25–8,25,33,55.6,51.7,37.5,29,16.2,18.4,37,26.3,69.3,57.2,50.8,34.7,35.4,10,10.2,53.7,54.3,31.7,40.9,67.93,78.417,81.492,1.67,"2,026",0,0,80.783,68.5,69.7,1.182,1.027,29.331
UCLA,123.7,102.1,64.6,124.518,101.761,0.911,23–11,23,34,53.9,50.4,33.1,34.7,13.4,18.1,31.1,32.4,65.7,52,52.7,38.2,31.8,9.4,8.1,59.4,63.3,35.9,44.7,64.688,77.997,81.299,2.244,"2,026",0,0,70.281,76.7,75.3,1.17,1.069,36.27
Clemson,116.5,97.3,64.2,116.541,96.955,0.892,24–10,24,34,52.6,48.9,37.1,33.1,14.2,17.5,28.1,25.7,65.5,53.8,49,34.1,32.6,9.1,10.3,50.2,46.4,42.9,42.9,64.273,77.953,81.538,2.344,"2,026",0,0,43.89,72.6,74.7,1.124,1.012,31.538
Villanova,120.4,100.4,65.2,119.612,100.539,0.881,24–8,24,32,53.7,51.3,31.3,28.9,15.1,18.7,32.4,31.7,66.5,54.4,51.5,35.3,33.9,6,7.5,56.8,53.7,45.7,36.9,64.946,77.57,80.705,1.548,"2,026",0,0,63.75,69.4,71.8,1.148,1.053,30.122
Ohio St.,124.3,102.1,66.1,125.217,101.608,0.917,21–12,21,33,56.5,50.3,37.8,35.1,15.4,15.8,30.8,30,66.6,58.2,52.3,36,31.6,7,8.8,52,53.4,40.1,40.3,66.161,77.666,81.619,1.779,"2,026",0,0,68.946,77.5,74.3,1.186,1.082,37.869
Georgia,124.7,104.2,71.4,124.317,104.76,0.877,22–10,22,32,54.6,50.1,37,30.8,14.3,18.4,35.2,34.9,73.5,57.3,49.9,34.1,33.7,15.1,9.6,48.4,47.3,43.9,37.6,72.026,77.415,81.51,1.553,"2,026",0,0,61.02,75.4,71.7,1.205,1.062,32.391
Utah St.,122.1,101.4,67.7,123.029,102.086,0.895,27–6,27,33,56.6,49.6,38.7,38.9,15.4,20.6,33.1,32.2,68.3,59.3,48.7,35.1,33.9,8.8,9.9,59.8,49.6,40.7,40.9,67.554,77.68,80.956,2.185,"2,026",0,0,26.458,70.6,73.3,1.191,1.033,23.033
TCU,115.4,97.8,67.7,114.85,99.655,0.836,22–11,22,33,50.9,51,38.7,30.4,15.5,19.7,34.4,29.2,69.7,51.6,51.3,33.1,33.7,12.6,9.9,57.6,61,36.9,38.1,67.58,76.426,79.205,1.807,"2,026",0,0,50.351,70.8,71.9,1.111,1.023,33.811
Saint Louis,119.5,101.2,71,119.569,102.227,0.858,27–5,27,32,59.7,44.8,34.7,37.2,17.4,16.1,31.1,27,71.9,58.9,44.6,40.5,30,9.5,10.7,60.2,51.6,45.1,41.6,71.014,77.534,80.111,1.939,"2,026",0,0,21.913,74.4,73.2,1.202,0.983,15.895
Iowa,121.7,99.3,63,122.131,100.191,0.907,21–12,21,33,56.6,52.7,34.5,39.1,15.2,21,30.1,28,63.4,58.7,54,35.7,33.7,6.7,8.3,58,51,41.6,39.1,63.027,78.486,80.798,1.776,"2,026",0,0,14.299,77,73.1,1.182,1.037,35.51
Santa Clara,123.6,104.2,69.2,124.996,103.712,0.895,25–8,25,33,54.6,51.8,25.8,38.3,15.6,20.1,36.7,32.3,69.6,56.5,53.2,34.9,33,10.6,8.4,55,60.5,45,38.2,69.257,78.351,81.822,1.435,"2,026",0,0,20.016,74,73.6,1.191,1.05,24.151
UCF,120.5,105.4,69.2,119.999,105.672,0.812,21–11,21,32,52.8,52.4,30.8,35.2,15.7,15.8,34.4,28.5,70.6,52.1,53.2,36.2,34,8.3,9,53.6,51.3,34.4,39.7,69.116,78.696,82.08,2.429,"2,026",0,0,42.096,74,74.3,1.137,1.102,33.921
Missouri,119.5,104.1,66.2,119.921,103.027,0.851,20–12,20,32,55.3,51.4,42.5,35.1,18,16.6,35.5,31.4,68.4,56.9,48.9,35,36.5,10.4,9.8,50.6,51.8,36,43.1,66.38,79.275,82.794,2.282,"2,026",0,0,66.401,68.6,74.7,1.156,1.094,34.025
Texas A&M,119.7,101,70.5,119.889,101.391,0.873,21–11,21,32,54.2,50.8,37.4,35.6,14.6,18.3,32.3,32.5,72.6,54.1,53.1,36.2,31.7,8.9,11.5,61.3,56.3,46.3,41.5,71.016,77.082,80.342,2.497,"2,026",0,0,29.541,73.7,74.8,1.182,1.072,32.472
North Carolina St.,121.4,100.5,67.9,124.079,104.635,0.877,20–13,20,33,55.3,53,35.2,36.5,13.1,18.2,28.5,30.3,69.6,53.1,52.7,38.8,35.6,10.6,9.3,54.8,49.4,43.9,45.3,69.092,77.762,79.315,2.189,"2,026",0,0,63.205,76.8,69.8,1.19,1.088,32.779
Texas,125,105.9,66.9,124.057,106.393,0.854,17–14,17,31,54.2,51.2,46.2,40.7,15.3,13.4,35.7,26.9,68.6,55.3,49.8,34.9,36,7.4,10.5,43.1,45.8,36.2,33.3,67.099,78.112,81.402,2.238,"2,026",0,0,55.968,75.3,74,1.195,1.11,37.671
SMU,122.9,104.8,68.5,123.046,104.973,0.861,20–13,20,33,55.7,51.4,30.6,32,15.9,17.1,35.4,31.6,70.7,55.5,52,37.4,33.9,11.2,7.6,55.1,60.6,36,47.2,68.622,78.116,82.065,2.034,"2,026",0,0,44.289,74.1,71.8,1.182,1.089,32
Miami OH,116.8,108.5,69.9,116.687,107.587,0.718,28–1,28,29,59.2,50.8,40.2,30.9,14.5,17.5,25.3,28.1,71.3,61.5,51.6,37.5,33,8.1,7.8,51,46.6,44.6,36.8,69.942,77.513,80.117,1.693,"2,026",0,0,11.186,75,74,1.203,1.053,8.266
VCU,119.9,102.7,68.5,119.285,103.088,0.843,27–7,27,34,54.1,48.9,43.7,33.1,15.2,17.2,32.3,29.9,69.4,53.3,48.4,36.7,33.1,11.3,8.9,52.7,50.3,43.8,34.7,68.681,77.713,80.893,1.703,"2,026",0,0,21.117,73.9,71.2,1.176,1.031,19.63
South Florida,117.3,100.9,71.5,116.785,101.422,0.835,24–8,24,32,50.9,48.4,41.1,38.8,15.2,18.8,38.2,31.8,72.9,51.9,46.7,33.1,33.9,10.9,13.3,58.8,51.3,43.8,39.5,71.401,77.061,79.722,2.247,"2,026",0,0,30.828,74.3,70.1,1.17,1.026,18.197
McNeese St.,114.3,101.8,66.2,113.158,102.173,0.764,26–5,26,31,51,48.9,38.3,42.1,14.3,24.6,35,35,66.5,52.9,49.1,31.6,32.5,15.8,6.7,49.2,57.2,35.1,46.8,66.136,77.089,79.745,1.919,"2,026",0,0,48.482,74,72.8,1.143,0.997,14.16
Akron,118.8,106,70.3,117.165,105.337,0.773,27–5,27,32,58.5,50.6,29.1,30.3,15.5,18.4,33.5,29.9,71.2,59.1,49,38.5,35.1,8.4,8.3,57.4,50.8,45.1,43.2,70.321,75.205,77.931,2.447,"2,026",0,0,12.8,75.3,72.2,1.219,1.046,11.162
Northern Iowa,110,98.2,62.3,109.711,98.582,0.774,22–12,22,34,54.2,47.2,25.7,29.3,14.6,18.1,22,26.3,63.4,55.3,50,34.9,28.9,9.8,8.1,57.1,49.3,39.6,41.5,62.187,77.565,79.727,2.321,"2,026",0,0,19.874,69.7,71.8,1.081,0.971,14.539
High Point,117,108.6,69.9,115.681,107.52,0.699,27–4,27,31,54.7,50.1,42.9,36.4,13,21.9,32.1,31.7,70.9,57.1,51.6,34.4,31.9,11,10.4,52.7,51.9,42.9,41.4,69.889,76.312,79.626,2.541,"2,026",0,0,13.909,74.2,70.5,1.209,1.004,5.665
Cal Baptist,107.9,101.9,65.8,107.493,100.32,0.689,25–8,25,33,48.6,46.4,36.1,37.1,18.1,17.1,37.8,27.2,67.4,47.7,47.3,33.7,29.7,7.5,9.6,40.4,46,32.1,31.7,65.931,76.493,81.394,2.169,"2,026",0,0,1.476,71.9,71.9,1.071,0.991,12.593
Hofstra,114.6,105.1,64.7,113.19,104.955,0.704,22–10,22,32,51.5,45.9,32.5,35.4,16.1,15,34.9,30.5,65.3,48.6,44.2,36.8,32.3,10.4,10.6,48.5,55.2,43.1,40.6,64.714,77.424,81.178,1.895,"2,026",0,0,0.2,75.9,71.7,1.133,1.027,11.966
Troy,110.7,109,64.9,110.722,109.044,0.544,20–11,20,31,51.9,50.1,36.3,32.1,17,16.9,34.8,31.6,67,53.7,52,33.2,31.3,9.1,11,57,49.3,45.6,38.4,65.084,77.648,80.428,1.897,"2,026",0,0,0.2,73.8,70.7,1.12,1.066,11.323
Hawaii,107.1,101.2,69.7,106.901,101.846,0.636,22–8,22,30,52,46.4,42.4,36.1,18.9,16.9,31.4,25,72.3,55,46.6,31.6,30.7,10.1,8.5,49.9,38.3,39.7,32.4,69.581,78.622,81.581,2.599,"2,026",0,0,9.248,73.8,69.6,1.081,0.965,10.053
North Dakota St.,111.7,106.6,66.3,111.459,106.049,0.639,24–7,24,31,53.4,51.5,30.7,29.1,15.6,18.7,33.6,25.7,68,53.2,52.6,35.7,33.5,9,9,53,55.1,42.7,44.4,66.357,76.177,79.574,1.834,"2,026",0,0,0.2,71.6,74.8,1.145,1.025,8.155
Penn,107.4,105.9,69,106.576,105.414,0.531,17–11,17,28,50.3,51.7,35.2,27.5,15.4,17.8,30.3,30.5,68.8,46.2,54.4,38.7,31.7,8.5,9.4,52.7,53.8,35,39.3,69.024,77.767,80.753,1.869,"2,026",0,0,17.192,69.5,67,1.075,1.057,12.952
Wright St.,112.1,110,67.2,112.409,109.027,0.587,21–11,21,32,54.4,52.1,38,33.5,16.3,16.5,33.2,29.2,69,54.5,52.9,36.1,33.6,11.4,9,47,44.6,33.7,34.2,66.977,76.946,79.547,1.245,"2,026",0,0,0.2,74.5,74,1.154,1.089,9.832
Kennesaw St.,110.6,110.1,71.2,110.8,109.501,0.534,18–13,18,31,50.7,48.5,45.1,47.5,16.7,16.1,35.5,31.3,71.9,50.8,47,33.7,33.9,14.7,13.1,51.3,49.4,42.9,38.3,71.267,78.338,80.486,1.297,"2,026",0,0,13.242,70,74.7,1.111,1.082,11.706
Tennessee St.,109.1,110.9,70.2,107.809,111.936,0.394,20–9,20,29,50.1,51.2,33.5,41.6,16.5,20,34.9,29.9,70.6,49.9,51.8,33.7,33.5,10.1,7.5,45.4,49.7,30.7,36,70.137,77.064,79.55,2.506,"2,026",0,0,3.291,76.3,72.4,1.102,1.043,8.742
Idaho,108.8,107.3,67.7,108.829,106.19,0.57,18–14,18,32,51.9,50.3,34.8,39.2,15,15.2,28.9,24.2,69.2,52,49.3,34.5,34.8,6.2,9.1,44.5,45.6,46.8,35.8,67.424,77.243,80.578,2.008,"2,026",0,0,0.2,72.9,74.5,1.103,1.064,11.302
Furman,107.5,109.4,65.9,106.897,109.003,0.444,19–12,19,31,54.8,50.1,32.1,28.9,17.8,13.7,31,27.5,66.5,59,50.9,33.3,32.6,9.4,10.8,55.8,46.8,46.3,41.9,65.841,79.189,81.426,1.607,"2,026",0,0,11.546,69.8,70.2,1.116,1.073,7.376
Queens,115.8,117.2,69.6,114.632,117.082,0.439,20–13,20,33,56.6,54,36.3,38.7,14.8,15,30.4,33,70.7,59,54.1,35.9,35.8,8,9.1,54.5,48,46.8,39.5,69.502,78.203,80.782,1.734,"2,026",0,0,9.008,74.9,73.2,1.19,1.167,14.561
Siena,107.1,109.2,64.6,107.251,108.948,0.455,23–11,23,34,50.6,48.6,34.2,27.2,16,17.1,31.9,29,64.3,52.8,48.2,30.4,32.8,9.1,9.6,53,48.3,31.9,39.3,64.63,76.737,79.979,1.725,"2,026",0,0,3.878,76.9,72.5,1.093,1.018,6.825
LIU,105.6,109.6,67.8,103.644,109.753,0.341,24–10,24,34,53.3,49.8,34.7,34.1,19,18.9,34.3,32.6,68.1,52.9,50.8,36.1,31.9,13.9,8.1,49.7,49.2,29,33.2,67.829,77.547,78.697,2.414,"2,026",0,0,0.2,66.8,69,1.083,1.04,9.691
Howard,103.1,106.3,69,103.444,106.231,0.424,19–10,19,29,50.6,47.4,44.2,38.3,19.8,21.3,36.6,32,69.2,49.9,48.3,34.7,30.4,10.6,11.1,61.1,46.9,34.3,34,69.048,76.234,78.574,1.89,"2,026",0,0,0.2,74.2,69.4,1.08,0.976,8.612
UMBC,108.2,109.9,66.2,107.569,109.244,0.456,22–8,22,30,53.9,49.2,33.8,25.2,14.1,15.2,25.1,25.6,66.4,54,49.7,35.9,32.2,6.5,6.5,45,42.8,38.8,37.8,66.007,76.971,79.569,2.082,"2,026",0,0,7.798,76.4,67.4,1.126,1.015,7.273
Lehigh,102.7,113.1,66.9,102.576,112.769,0.252,16–16,16,32,53.3,50.6,32.2,32.8,17.5,16.3,22.8,31.7,66.5,52.4,51.2,36.5,32.8,7.8,7.7,54.3,45.3,38.2,32.2,66.869,76.658,79.857,1.368,"2,026",0,0,0.826,72.9,75.1,1.052,1.085,9.479
Prairie View,101.2,111.9,70.9,101.421,111.398,0.254,14–17,14,31,47.9,50.4,42.8,43.9,16,19.1,27.1,34.8,72.8,47,49.4,33.2,35,12.2,8.2,44.2,48.5,30.9,32.7,70.869,76.428,79.342,2.802,"2,026",0,0,0.231,75.2,72.6,1.037,1.075,10.925